Name,Institute
Tomoki Machida,The University of Tokyo
Kosuke Nagashio,The University of Tokyo
Peng Zhou,Fudan University
Yuanyuan Shi,University of Science and Technology of China
Wencai Ren,"Institute of Metal Research, Chinese Academy of Sciences"
Zheng Zhang,University of Science and Technology Beijing
Hua Zhang,City University of Hong Kong
Daniel Lau,The Hong Kong Polytechnic University
Yang Chai,The Hong Kong Polytechnic University
Jianbin Xu,The Chinese University of Hong Kong
Zhengtao Luo,Hong Kong University of Science and Technology
Zhiyuan Zeng,City University of Hong Kong
Yuerui Lu,Australian National University
Joonki Suh,Korea Advanced Institute of Science and Technology (KAIST)
Kyung-Duck Park,Pohang University of Science and Technology (POSTECH)
Kibum Kang,Korea Advanced Institute of Science and Technology (KAIST)
Moon-Ho Jo,Pohang University of Science and Technology (POSTECH)
Sunmin Ryu,Pohang University of Science and Technology (POSTECH)
Youngwook Kim,Daegu Gyeongbuk Institute of Science and Technology (DGIST)
Hyeon Suk Shin,Sungkyunkwan University (SKKU)
Jagoda Slawinska,University of Groningen
Saroj Dash,Chalmers University of Technology
Ye Wang,Eindhoven University of Technology
Antonio Lombardo,University College London (UCL)
Max Lemme,RWTH Aachen University
Zdenek Sofer,University of Chemistry and Technology Prague
Matthieu Jamet,"French Alternative Energies and Atomic Energy Commission (CEA), Grenoble"
Stephan Hofmann,University of Cambridge
Paolo Samori,University of Strasbourg
Amalia Patane,University of Nottingham
Alicia Forment-Aliaga,University of Valencia
Valeria Nicolosi,Trinity College Dublin
Soumya Sarkar,University of Southampton
Yan Wang,University of Cambridge
Thomas Heine,Dresden University of Technology (TU Dresden)
Agnieszka Kuc,Helmholtz-Zentrum Dresden-Rossendorf
Gianluca Fiori,University of Pisa
Mayank Srivastava,"Indian Institute of Science, Bangalore (IISc)"
Ashish Arora,"Indian Institute of Science Education and Research, Pune (IISER Pune)"
Ajay Soni,Indian Institute of Technology Mandi (IIT Mandi)
Prasana Sahoo,Indian Institute of Technology Kharagpur (IIT Kharagpur)
Atikur Rahman,"Indian Institute of Science Education and Research, Pune (IISER Pune)"
